Ref,Qty,Value,Exact MPN,Location,DNP,Footprint,Notes
J1,1,XH 2,JST B2B-XH-A(LF)(SN),carrier,False,WindflowCarrier:JST_XH_B2B-XH-A_1x02_P2.50mm_Vertical,HUSB238 PD output; physical breakout is remote
F1,1,3A,Littelfuse 0451003.MRL,carrier,False,WindflowCarrier:Fuse_2410_6125Metric,
D1,1,SMBJ18A,Littelfuse SMBJ18A,carrier,False,WindflowCarrier:D_SMB,
C1,1,100nF,Murata GRM188R71H104KA93D,carrier,False,WindflowCarrier:C_0603_1608Metric,
C2,1,100uF/25V,Panasonic EEU-FR1E101,carrier,False,WindflowCarrier:CP_Radial_D6.3mm_P2.50mm,
J18,1,43045-0412,Molex 43045-0412,carrier,False,WindflowCarrier:Molex_Micro-Fit_3.0_43045-0412_2x02_P3.00mm_Vertical,Remote regulator; different shrouded cavity count. Module EN is NC. Mating/placement qualification pending
J19,1,43045-0812,Molex 43045-0812,carrier,False,WindflowCarrier:Molex_Micro-Fit_3.0_43045-0812_2x04_P3.00mm_Vertical,Remote regulator; different shrouded cavity count. Module EN is NC. Mating/placement qualification pending
C4,1,1uF,Murata GRM188R71E105KA12D,carrier,False,WindflowCarrier:C_0603_1608Metric,
C7,1,100uF/25V,Panasonic EEU-FR1E101,carrier,False,WindflowCarrier:CP_Radial_D6.3mm_P2.50mm,
C5,1,1uF,Murata GRM188R71E105KA12D,carrier,False,WindflowCarrier:C_0603_1608Metric,
C8,1,100uF/25V,Panasonic EEU-FR1E101,carrier,False,WindflowCarrier:CP_Radial_D6.3mm_P2.50mm,
D2,1,SS14-E3/61T,Vishay SS14-E3/61T,carrier,False,WindflowCarrier:D_SMA,
F3,1,1A,Littelfuse 0451001.MRL,carrier,False,WindflowCarrier:Fuse_2410_6125Metric,
SW2,1,TPS22810DBVR,Texas Instruments TPS22810DBVR,carrier,False,WindflowCarrier:SOT-23-6,
C12,1,1uF,Murata GRM188R71E105KA12D,carrier,False,WindflowCarrier:C_0603_1608Metric,
C15,1,100nF,Murata GRM188R71H104KA93D,carrier,False,WindflowCarrier:C_0603_1608Metric,
R40,1,330 1%,Yageo RC1206FR-07330RL,carrier,False,WindflowCarrier:R_1206_3216Metric,
R11,1,100k 1%,Yageo RC0603FR-07100KL,carrier,False,WindflowCarrier:R_0603_1608Metric,
BUF3,1,"74AHCT1G125GW,125","Nexperia 74AHCT1G125GW,125",carrier,False,WindflowCarrier:SOT-353_SC-70-5,
C19,1,100nF,Murata GRM188R71H104KA93D,carrier,False,WindflowCarrier:C_0603_1608Metric,
R23,1,100k 1%,Yageo RC0603FR-07100KL,carrier,False,WindflowCarrier:R_0603_1608Metric,
R17,1,330 1%,Yageo RC0603FR-07330RL,carrier,False,WindflowCarrier:R_0603_1608Metric,
R24,1,100k 1%,Yageo RC0603FR-07100KL,carrier,False,WindflowCarrier:R_0603_1608Metric,
C9,1,470uF/10V,Panasonic EEU-FR1A471,carrier,False,WindflowCarrier:CP_Radial_D8.0mm_P3.50mm,
J4,1,2.54mm 3,Samtec TSW-103-07-G-S,carrier,False,WindflowCarrier:PinHeader_1x03_P2.54mm_Vertical,"Original servo plug, retain and label polarity"
J5,1,2.54mm 1,Samtec TSW-101-07-G-S,carrier,False,WindflowCarrier:PinHeader_1x01_P2.54mm_Vertical,
R8,1,4.7k 1%,Yageo RC0603FR-074K7L,carrier,False,WindflowCarrier:R_0603_1608Metric,
SW3,1,TPS22810DBVR,Texas Instruments TPS22810DBVR,carrier,False,WindflowCarrier:SOT-23-6,
C13,1,1uF,Murata GRM188R71E105KA12D,carrier,False,WindflowCarrier:C_0603_1608Metric,
C16,1,100nF,Murata GRM188R71H104KA93D,carrier,False,WindflowCarrier:C_0603_1608Metric,
R41,1,330 1%,Yageo RC1206FR-07330RL,carrier,False,WindflowCarrier:R_1206_3216Metric,
R12,1,100k 1%,Yageo RC0603FR-07100KL,carrier,False,WindflowCarrier:R_0603_1608Metric,
C10,1,470uF/10V,Panasonic EEU-FR1A471,carrier,False,WindflowCarrier:CP_Radial_D8.0mm_P3.50mm,
BUF1,1,"74AHCT125D,118","Nexperia 74AHCT125D,118",carrier,False,WindflowCarrier:SOIC-14_3.9x8.7mm_P1.27mm,
C17,1,100nF,Murata GRM188R71H104KA93D,carrier,False,WindflowCarrier:C_0603_1608Metric,
R19,1,100k 1%,Yageo RC0603FR-07100KL,carrier,False,WindflowCarrier:R_0603_1608Metric,
R16,1,330 1%,Yageo RC0603FR-07330RL,carrier,False,WindflowCarrier:R_0603_1608Metric,
J7,1,XH 3,JST B3B-XH-A(LF)(SN),carrier,False,WindflowCarrier:JST_XH_B3B-XH-A_1x03_P2.50mm_Vertical,
J2,1,XH 3,JST B3B-XH-A(LF)(SN),carrier,False,WindflowCarrier:JST_XH_B3B-XH-A_1x03_P2.50mm_Vertical,HUSB238 I2C only; PD voltage must not enter sensor headers
J8,1,XH 4,JST B4B-XH-A(LF)(SN),carrier,False,WindflowCarrier:JST_XH_B4B-XH-A_1x04_P2.50mm_Vertical,Exact encoder daughterboard J1 pin order
J9,1,XH 4,JST B4B-XH-A(LF)(SN),carrier,False,WindflowCarrier:JST_XH_B4B-XH-A_1x04_P2.50mm_Vertical,
J10,1,XH 4,JST B4B-XH-A(LF)(SN),carrier,False,WindflowCarrier:JST_XH_B4B-XH-A_1x04_P2.50mm_Vertical,
J11,1,XH 4,JST B4B-XH-A(LF)(SN),carrier,False,WindflowCarrier:JST_XH_B4B-XH-A_1x04_P2.50mm_Vertical,
R1,1,10k 1%,Yageo RC0603FR-0710KL,carrier,False,WindflowCarrier:R_0603_1608Metric,
C26,1,10nF,Murata GRM188R71C103KA01D,carrier,False,WindflowCarrier:C_0603_1608Metric,
R2,1,10k 1%,Yageo RC0603FR-0710KL,carrier,False,WindflowCarrier:R_0603_1608Metric,
C27,1,10nF,Murata GRM188R71C103KA01D,carrier,False,WindflowCarrier:C_0603_1608Metric,
R3,1,10k 1%,Yageo RC0603FR-0710KL,carrier,False,WindflowCarrier:R_0603_1608Metric,
C28,1,10nF,Murata GRM188R71C103KA01D,carrier,False,WindflowCarrier:C_0603_1608Metric,
R6,1,4.7k 1%,Yageo RC0603FR-074K7L,carrier,True,WindflowCarrier:R_0603_1608Metric,
R7,1,4.7k 1%,Yageo RC0603FR-074K7L,carrier,True,WindflowCarrier:R_0603_1608Metric,
C22,1,100nF,Murata GRM188R71H104KA93D,carrier,False,WindflowCarrier:C_0603_1608Metric,
C33,1,100nF,Murata GRM188R71H104KA93D,pressure_daughterboard,False,WindflowCarrier:C_0603_1608Metric,
J12,1,XH 2,JST B2B-XH-A(LF)(SN),carrier,False,WindflowCarrier:JST_XH_B2B-XH-A_1x02_P2.50mm_Vertical,"Omron COM/NO; raw5V input goes to BUF4, never to GPIO"
R5,1,3.9k 1%,Yageo RC0603FR-073K9L,carrier,False,WindflowCarrier:R_0603_1608Metric,
BUF4,1,SN74LVC1G17DBVR,Texas Instruments SN74LVC1G17DBVR,carrier,False,WindflowCarrier:SOT-23-5,
C31,1,100nF,Murata GRM188R71H104KA93D,carrier,False,WindflowCarrier:C_0603_1608Metric,
C32,1,10nF,Murata GRM188R71C103KA01D,carrier,False,WindflowCarrier:C_0603_1608Metric,
R60,1,100k 1%,Yageo RC0603FR-07100KL,carrier,False,WindflowCarrier:R_0603_1608Metric,
J14,1,2.54mm 2,Samtec TSW-102-07-G-S,carrier,False,WindflowCarrier:PinHeader_1x02_P2.54mm_Vertical,Removable SNT-100-BK-G service shunt
J15,1,Keyed IDC20,Wurth Elektronik 61202021621,carrier,False,WindflowCarrier:IDC-Header_2x10_P2.54mm_Vertical,All20 contacts retained. New keyed2x10 loom with61202023021 sockets; no E3 contact-removal key.
J16,1,Keyed IDC20,Wurth Elektronik 61202021621,carrier,False,WindflowCarrier:IDC-Header_2x10_P2.54mm_Vertical,All20 contacts retained. New keyed2x10 loom with61202023021 sockets; no E3 contact-removal key.
ISO1,1,TMUX1511PWR,Texas Instruments TMUX1511PWR,carrier,False,WindflowCarrier:TSSOP-14_4.4x5mm_P0.65mm,
SUP1,1,TPS3808G33DBVR,Texas Instruments TPS3808G33DBVR,carrier,False,WindflowCarrier:SOT-23-6,
C20,1,100nF,Murata GRM188R71H104KA93D,carrier,False,WindflowCarrier:C_0603_1608Metric,
C21,1,100nF,Murata GRM188R71H104KA93D,carrier,False,WindflowCarrier:C_0603_1608Metric,
R37,1,10k 1%,Yageo RC0603FR-0710KL,carrier,False,WindflowCarrier:R_0603_1608Metric,
R38,1,100k 1%,Yageo RC0603FR-07100KL,carrier,False,WindflowCarrier:R_0603_1608Metric,
R28,1,100k 1%,Yageo RC0603FR-07100KL,carrier,False,WindflowCarrier:R_0603_1608Metric,
R29,1,10k 1%,Yageo RC0603FR-0710KL,carrier,False,WindflowCarrier:R_0603_1608Metric,
R30,1,1M 1%,Yageo RC0603FR-071ML,carrier,False,WindflowCarrier:R_0603_1608Metric,
C23,1,100nF,Murata GRM188R71H104KA93D,carrier,False,WindflowCarrier:C_0603_1608Metric,
R31,1,100k 1%,Yageo RC0603FR-07100KL,carrier,False,WindflowCarrier:R_0603_1608Metric,
R32,1,100k 1%,Yageo RC0603FR-07100KL,carrier,False,WindflowCarrier:R_0603_1608Metric,
R33,1,1M 1%,Yageo RC0603FR-071ML,carrier,False,WindflowCarrier:R_0603_1608Metric,
C24,1,100nF,Murata GRM188R71H104KA93D,carrier,False,WindflowCarrier:C_0603_1608Metric,
R34,1,100k 1%,Yageo RC0603FR-07100KL,carrier,False,WindflowCarrier:R_0603_1608Metric,
R35,1,100k 1%,Yageo RC0603FR-07100KL,carrier,False,WindflowCarrier:R_0603_1608Metric,
R36,1,1M 1%,Yageo RC0603FR-071ML,carrier,False,WindflowCarrier:R_0603_1608Metric,
C25,1,100nF,Murata GRM188R71H104KA93D,carrier,False,WindflowCarrier:C_0603_1608Metric,
BUF2,1,"74AHCT125D,118","Nexperia 74AHCT125D,118",carrier,False,WindflowCarrier:SOIC-14_3.9x8.7mm_P1.27mm,
C18,1,100nF,Murata GRM188R71H104KA93D,carrier,False,WindflowCarrier:C_0603_1608Metric,
R50,1,33 1%,Yageo RC0603FR-0733RL,carrier,False,WindflowCarrier:R_0603_1608Metric,
R51,1,33 1%,Yageo RC0603FR-0733RL,carrier,False,WindflowCarrier:R_0603_1608Metric,
R52,1,33 1%,Yageo RC0603FR-0733RL,carrier,False,WindflowCarrier:R_0603_1608Metric,
R53,1,33 1%,Yageo RC0603FR-0733RL,carrier,False,WindflowCarrier:R_0603_1608Metric,
R54,1,33 1%,Yageo RC0603FR-0733RL,carrier,False,WindflowCarrier:R_0603_1608Metric,
R55,1,330 1%,Yageo RC0603FR-07330RL,carrier,False,WindflowCarrier:R_0603_1608Metric,
R56,1,1k 1%,Yageo RC0603FR-071KL,display_harness,False,WindflowCarrier:R_0603_1608Metric,
R57,1,10k 1%,Yageo RC0603FR-0710KL,carrier,False,WindflowCarrier:R_0603_1608Metric,
R58,1,10k 1%,Yageo RC0603FR-0710KL,carrier,False,WindflowCarrier:R_0603_1608Metric,
R59,1,100k 1%,Yageo RC0603FR-07100KL,carrier,False,WindflowCarrier:R_0603_1608Metric,
C30,1,1uF,Murata GRM188R71E105KA12D,display_harness,False,WindflowCarrier:C_0603_1608Metric,
J6,1,XH 8,JST B8B-XH-A(LF)(SN),carrier,False,WindflowCarrier:JST_XH_B8B-XH-A_1x08_P2.50mm_Vertical,
EF1,1,TPS26630RGER,Texas Instruments TPS26630RGER,carrier,False,WindflowCarrier:Texas_RGE0024H_VQFN-24-1EP_4x4mm_P0.5mm_EP2.7x2.7mm_ThermalVias,
EF2,1,TPS26630RGER,Texas Instruments TPS26630RGER,carrier,False,WindflowCarrier:Texas_RGE0024H_VQFN-24-1EP_4x4mm_P0.5mm_EP2.7x2.7mm_ThermalVias,
R61,1,7.15k 1%,Yageo RC0603FR-077K15L,carrier,False,WindflowCarrier:R_0603_1608Metric,
R62,1,100k 1%,Yageo RC0603FR-07100KL,carrier,False,WindflowCarrier:R_0603_1608Metric,
R63,1,10k 1%,Yageo RC0603FR-0710KL,carrier,False,WindflowCarrier:R_0603_1608Metric,
R64,1,132k 1%,Yageo RC0603FR-07132KL,carrier,False,WindflowCarrier:R_0603_1608Metric,
R65,1,10k 1%,Yageo RC0603FR-0710KL,carrier,False,WindflowCarrier:R_0603_1608Metric,
R71,1,100k 1%,Yageo RC0603FR-07100KL,carrier,False,WindflowCarrier:R_0603_1608Metric,
R72,1,10k 1%,Yageo RC0603FR-0710KL,carrier,False,WindflowCarrier:R_0603_1608Metric,
C34,1,100nF,Murata GRM188R71H104KA93D,carrier,False,WindflowCarrier:C_0603_1608Metric,
C36,1,1uF,Murata GRM188R71E105KA12D,carrier,False,WindflowCarrier:C_0603_1608Metric,
R66,1,10k 1%,Yageo RC0603FR-0710KL,carrier,False,WindflowCarrier:R_0603_1608Metric,
R67,1,100k 1%,Yageo RC0603FR-07100KL,carrier,False,WindflowCarrier:R_0603_1608Metric,
R68,1,10k 1%,Yageo RC0603FR-0710KL,carrier,False,WindflowCarrier:R_0603_1608Metric,
R69,1,132k 1%,Yageo RC0603FR-07132KL,carrier,False,WindflowCarrier:R_0603_1608Metric,
R70,1,10k 1%,Yageo RC0603FR-0710KL,carrier,False,WindflowCarrier:R_0603_1608Metric,
R76,1,100k 1%,Yageo RC0603FR-07100KL,carrier,False,WindflowCarrier:R_0603_1608Metric,
R77,1,10k 1%,Yageo RC0603FR-0710KL,carrier,False,WindflowCarrier:R_0603_1608Metric,
C35,1,100nF,Murata GRM188R71H104KA93D,carrier,False,WindflowCarrier:C_0603_1608Metric,
C37,1,1uF,Murata GRM188R71E105KA12D,carrier,False,WindflowCarrier:C_0603_1608Metric,
QRC1,1,CSD19537Q3,Texas Instruments CSD19537Q3,carrier,False,WindflowCarrier:VSON-8_3.3x3.3mm_P0.65mm_NexFET,"Actual drawing: source1..3, gate4, drain5..8+EP. Shared drain land represented by common pad5."
QDRV1,1,BSS138-7-F,Diodes Incorporated BSS138-7-F,carrier,False,WindflowCarrier:SOT-23,
F2,1,2A,Littelfuse 0451002.MRL,carrier,False,WindflowCarrier:Fuse_2410_6125Metric,
J20,1,ESC power,Molex 43045-0212,carrier,False,WindflowCarrier:Molex_Micro-Fit_3.0_43045-0212_2x01_P3.00mm_Vertical,Adapter loom to suppliedXT30; no3A motor power through Pico/ribbon.
J22,1,XH 3,JST B3B-XH-A(LF)(SN),carrier,False,WindflowCarrier:JST_XH_B3B-XH-A_1x03_P2.50mm_Vertical,Adapter to vendor-labelled GND/RX/TX wires. Verify A50S20-cavity loom; BEC insulated NC.
C38,1,470uF/35V,Panasonic EEU-FR1V471,esc_harness,False,WindflowCarrier:CP_Radial_D8.0mm_P3.50mm,
C39,1,1uF,Murata GRM188R71E105KA12D,esc_harness,False,WindflowCarrier:C_0603_1608Metric,
D3,1,SMBJ18A,Littelfuse SMBJ18A,esc_harness,False,WindflowCarrier:D_SMB,
R80,1,3.3k 1%,Yageo RC1206FR-073K3L,esc_harness,False,WindflowCarrier:R_0603_1608Metric,
R81,1,10k 1%,Yageo RC0603FR-0710KL,carrier,False,WindflowCarrier:R_0603_1608Metric,
R82,1,10k 1%,Yageo RC0603FR-0710KL,carrier,False,WindflowCarrier:R_0603_1608Metric,
R83,1,10k 1%,Yageo RC0603FR-0710KL,carrier,False,WindflowCarrier:R_0603_1608Metric,
U1,1,SN74LVC1G04DBVR,Texas Instruments SN74LVC1G04DBVR,carrier,False,WindflowCarrier:SOT-23-5,
U2,1,SN74LVC1G04DBVR,Texas Instruments SN74LVC1G04DBVR,carrier,False,WindflowCarrier:SOT-23-5,
U3,1,SN74LVC1G08DBVR,Texas Instruments SN74LVC1G08DBVR,carrier,False,WindflowCarrier:SOT-23-5,
BUF5,1,74LVC2G125DP-Q100H,Nexperia 74LVC2G125DP-Q100H,carrier,False,WindflowCarrier:TSSOP-8_3x3mm_P0.65mm,
R84,1,10k 1%,Yageo RC0603FR-0710KL,carrier,False,WindflowCarrier:R_0603_1608Metric,
R85,1,10k 1%,Yageo RC0603FR-0710KL,carrier,False,WindflowCarrier:R_0603_1608Metric,
R86,1,33 1%,Yageo RC0603FR-0733RL,carrier,False,WindflowCarrier:R_0603_1608Metric,
R87,1,33 1%,Yageo RC0603FR-0733RL,carrier,False,WindflowCarrier:R_0603_1608Metric,
C40,1,100nF,Murata GRM188R71H104KA93D,carrier,False,WindflowCarrier:C_0603_1608Metric,
C41,1,100nF,Murata GRM188R71H104KA93D,carrier,False,WindflowCarrier:C_0603_1608Metric,
C42,1,100nF,Murata GRM188R71H104KA93D,carrier,False,WindflowCarrier:C_0603_1608Metric,
C43,1,100nF,Murata GRM188R71H104KA93D,carrier,False,WindflowCarrier:C_0603_1608Metric,
J21,1,XH 3,JST B3B-XH-A(LF)(SN),carrier,True,WindflowCarrier:JST_XH_B3B-XH-A_1x03_P2.50mm_Vertical,DNP optical RPM service header; no unqualified sensor trusted
